<?xml version='1.0' encoding='UTF-8' ?>
<timeLogEntries>
  <time id="1" path="/Lab2/PSP0/Planning" start="@1550966681000" delta="260" />
  <time id="2" path="/Lab2/PSP0/Planning" start="@1551100004000" delta="65" />
  <time id="3" path="/Lab2/PSP0/Planning" start="@1551298623000" delta="34" />
  <time id="4" path="/Lab2/PSP0/Design" start="@1551402955000" delta="197" />
  <time id="5" path="/Lab2/PSP0/Design" start="@1551461718000" delta="26" />
  <time id="6" path="/Lab2/PSP0/Design" start="@1551629531000" delta="177" interrupt="83" />
  <time id="7" path="/Lab2/PSP0/Design" start="@1552515216000" delta="192" />
  <time id="8" path="/Lab2/PSP0/Code" start="@1551663154000" delta="97" interrupt="30" />
  <time id="9" path="/Lab2/PSP0/Code" start="@1551726262000" delta="123" interrupt="75" />
  <time id="10" path="/Lab2/PSP0/Code" start="@1551899802000" delta="109" interrupt="15" />
  <time id="11" path="/Lab2/PSP0/Code" start="@1552010537000" delta="55" interrupt="17" />
  <time id="12" path="/Lab2/PSP0/Code" start="@1552180992000" delta="158" />
  <time id="13" path="/Lab2/PSP0/Code" start="@1552263557886" delta="301" />
  <time id="14" path="/Lab2/PSP0/Code" start="@1552330425638" delta="6" />
  <time id="15" path="/Lab2/PSP0/Code" start="@1552332652599" delta="303" />
  <time id="16" path="/Lab2/PSP0/Code" start="@1552419910043" delta="159" />
  <time id="17" path="/Lab2/PSP0/Code" start="@1552435057904" delta="493" interrupt="450" />
</timeLogEntries>
